nameWithOwner,createdAt,releases,stargazerCount,defaultBranchRef
Snailclimb/JavaGuide,2018-05-07T13:27:00Z,0,151812,main
krahets/hello-algo,2022-11-04T11:08:34Z,9,117007,main
GrowingGit/GitHub-Chinese-Top-Charts,2019-09-05T03:01:56Z,0,102392,master
iluwatar/java-design-patterns,2014-08-09T16:45:18Z,0,92713,master
macrozheng/mall,2018-04-04T01:11:44Z,3,81618,master
spring-projects/spring-boot,2012-10-19T15:02:57Z,323,78441,main
doocs/advanced-java,2018-10-06T11:38:30Z,1,78264,main
MisterBooo/LeetCodeAnimation,2018-12-06T08:01:22Z,0,76459,master
elastic/elasticsearch,2010-02-08T13:20:56Z,210,73836,main
Stirling-Tools/Stirling-PDF,2023-01-27T18:22:42Z,138,67595,main
kdn251/interviews,2017-02-14T18:19:25Z,0,64472,master
TheAlgorithms/Java,2016-07-16T10:21:02Z,0,63438,master
NationalSecurityAgency/ghidra,2019-03-01T03:27:48Z,46,60649,master
spring-projects/spring-framework,2010-12-08T04:04:45Z,343,58863,main
google/guava,2014-05-29T16:23:17Z,57,51126,master
ReactiveX/RxJava,2013-01-08T20:11:48Z,241,48342,3.x
skylot/jadx,2013-03-18T17:08:21Z,32,45542,master
dbeaver/dbeaver,2015-10-21T08:26:28Z,231,45462,devel
termux/termux-app,2015-10-23T09:42:46Z,95,45216,master
jeecgboot/JeecgBoot,2018-11-26T10:40:00Z,63,43918,springboot3
apache/dubbo,2012-06-19T07:56:02Z,111,41382,3.3
PhilJay/MPAndroidChart,2014-04-25T14:29:47Z,44,38105,master
eugenp/tutorials,2013-04-29T18:26:36Z,0,37262,master
halo-dev/halo,2018-03-21T12:56:52Z,227,36948,main
alibaba/arthas,2018-08-29T17:15:57Z,59,36735,master
geekxh/hello-algorithm,2020-05-29T05:47:09Z,0,35782,master
airbnb/lottie-android,2016-10-06T22:42:42Z,60,35480,master
TeamNewPipe/NewPipe,2015-09-03T23:39:26Z,137,35122,dev
doocs/leetcode,2018-09-16T14:03:03Z,21,34960,main
bumptech/glide,2013-07-08T22:52:33Z,54,34949,master
netty/netty,2010-11-09T09:22:21Z,0,34443,4.2
xkcoding/spring-boot-demo,2017-11-10T06:27:29Z,0,33910,master
Blankj/AndroidUtilCode,2016-07-30T18:18:32Z,117,33644,master
alibaba/easyexcel,2018-02-06T03:14:08Z,14,33631,master
zxing/zxing,2011-10-12T14:07:27Z,31,33597,master
YunaiV/ruoyi-vue-pro,2021-01-24T03:18:25Z,46,33306,master
SeleniumHQ/selenium,2013-01-14T21:40:56Z,108,33255,trunk
alibaba/nacos,2018-06-15T06:49:27Z,85,32066,develop
binarywang/WxJava,2016-01-06T08:24:05Z,30,31933,develop
apache/kafka,2011-08-15T18:06:16Z,0,30939,trunk
ityouknow/spring-boot-examples,2016-11-05T05:32:33Z,0,30607,master
chinabugotech/hutool,2014-04-13T07:23:51Z,153,30082,v5-master
keycloak/keycloak,2013-07-02T13:38:51Z,88,29671,main
apolloconfig/apollo,2016-03-04T10:24:23Z,41,29656,master
alibaba/canal,2013-01-13T10:59:52Z,32,29379,master
xuxueli/xxl-job,2015-11-28T12:59:34Z,39,29335,master
conductor-oss/conductor,2023-12-08T06:06:09Z,26,29274,main
wuyouzhuguli/SpringAll,2018-05-02T02:48:44Z,0,28957,master
alibaba/spring-cloud-alibaba,2017-12-01T20:49:15Z,48,28766,2023.x
alibaba/druid,2011-11-03T05:12:51Z,51,28193,master
lenve/vhr,2018-01-04T08:57:51Z,0,27947,master
DrKLO/Telegram,2013-10-25T14:08:10Z,95,27549,master
crossoverJie/JCSprout,2017-12-17T09:06:50Z,0,27065,master
qiurunze123/miaosha,2018-09-14T04:36:24Z,0,26511,master
ashishps1/awesome-system-design-resources,2023-10-25T01:50:42Z,0,26080,main
apache/incubator-seata,2018-12-28T08:37:22Z,44,25814,2.x
alibaba/fastjson,2011-11-03T06:58:52Z,84,25749,master
JakeWharton/butterknife,2013-03-05T08:18:59Z,0,25480,master
hollischuang/toBeTopJavaer,2018-10-25T09:54:54Z,0,25469,master
apache/flink,2014-06-07T07:00:10Z,0,25280,master
scwang90/SmartRefreshLayout,2017-06-02T09:52:50Z,14,25153,main
OpenAPITools/openapi-generator,2018-05-12T09:57:56Z,73,24870,master
proxyee-down-org/proxyee-down,2017-10-25T10:07:27Z,49,24864,master
Anuken/Mindustry,2017-04-30T01:24:29Z,168,24840,master
greenrobot/EventBus,2012-07-16T16:55:40Z,7,24765,master
bazelbuild/bazel,2014-06-12T16:00:38Z,212,24577,master
yuliskov/SmartTube,2020-07-28T12:53:52Z,918,24548,master
apache/skywalking,2015-11-07T03:30:36Z,62,24527,master
jenkinsci/jenkins,2010-11-22T21:21:23Z,445,24449,master
Netflix/Hystrix,2012-11-19T20:14:46Z,79,24401,master
libgdx/libgdx,2012-08-10T19:34:38Z,14,24354,master
CodePhiliaX/Chat2DB,2023-06-20T14:05:26Z,43,24274,main
google/gson,2015-03-19T18:21:20Z,12,24056,main
redisson/redisson,2014-01-11T14:06:25Z,173,24035,master
doocs/source-code-hunter,2019-10-28T01:35:10Z,0,22966,main
iBotPeaches/Apktool,2012-03-19T17:46:53Z,27,22932,main
alibaba/Sentinel,2018-04-04T06:37:33Z,25,22910,1.8
EnterpriseQualityCoding/FizzBuzzEnterpriseEdition,2012-11-24T00:14:41Z,0,22788,uinverse
apache/rocketmq,2016-11-30T08:00:08Z,22,22104,develop
dataease/dataease,2021-02-02T04:10:21Z,98,21916,dev-v2
google/ExoPlayer,2014-06-13T21:19:18Z,28,21876,release-v2
elunez/eladmin,2018-12-14T08:54:24Z,1,21790,master
openjdk/jdk,2018-09-17T12:29:20Z,0,21741,master
LSPosed/LSPosed,2020-12-12T08:39:37Z,39,21597,master
kestra-io/kestra,2019-08-24T13:56:15Z,311,21205,develop
CarGuo/GSYVideoPlayer,2016-11-13T12:34:31Z,53,21117,master
oracle/graal,2016-01-14T17:11:35Z,32,21103,master
brettwooldridge/HikariCP,2013-10-08T05:43:03Z,0,20723,dev
kunal-kushwaha/DSA-Bootcamp-Java,2021-07-30T12:23:25Z,0,20704,main
apache/shardingsphere,2016-01-18T12:49:26Z,58,20458,master
didi/DoKit,2018-08-14T10:32:07Z,14,20387,master
mybatis/mybatis-3,2013-02-14T19:03:32Z,46,20231,master
ReactiveX/RxAndroid,2014-08-19T03:46:38Z,20,20092,3.x
linlinjava/litemall,2018-03-22T16:42:30Z,8,19928,master
yudaocode/SpringBoot-Labs,2018-09-12T14:51:46Z,0,19869,master
xiaojieonly/Ehviewer_CN_SXJ,2020-11-09T06:14:31Z,107,19761,BiLi_PC_Gamer
thingsboard/thingsboard,2016-12-01T09:33:30Z,70,19732,master
dianping/cat,2012-12-05T02:31:48Z,3,18938,master
Baseflow/PhotoView,2012-07-17T16:39:00Z,5,18871,master
JetBrains/intellij-community,2011-09-30T13:33:05Z,5,18794,master
antlr/antlr4,2010-02-04T01:36:28Z,31,18360,dev
williamfiset/Algorithms,2017-03-18T02:50:46Z,0,18227,master
Tencent/APIJSON,2016-11-21T12:03:29Z,110,18199,master
lionsoul2014/ip2region,2015-11-02T00:43:13Z,4,18177,master
dromara/Sa-Token,2020-02-03T10:34:29Z,38,18169,dev
ashishps1/awesome-low-level-design,2023-11-17T10:15:12Z,0,18071,main
LMAX-Exchange/disruptor,2012-09-21T13:42:24Z,14,17991,master
forezp/SpringCloudLearning,2017-04-08T10:06:56Z,0,17974,master
YunaiV/yudao-cloud,2019-05-02T16:06:49Z,32,17870,master
Tencent/tinker,2016-09-06T06:57:52Z,60,17568,dev
openzipkin/zipkin,2012-06-06T18:26:16Z,97,17308,master
infinilabs/analysis-ik,2011-12-16T09:01:45Z,1,17217,master
justauth/JustAuth,2019-01-31T09:42:20Z,46,17195,master
facebook/fresco,2015-03-02T09:58:04Z,55,17138,main
baomidou/mybatis-plus,2016-08-18T10:06:53Z,38,17106,3.0
ben-manes/caffeine,2014-12-13T08:45:11Z,71,17049,master
material-components/material-components-android,2016-12-05T16:11:29Z,112,16956,master
nostra13/Android-Universal-Image-Loader,2011-11-27T18:48:23Z,0,16939,master
alibaba/DataX,2018-01-18T10:09:47Z,7,16822,master
winterbe/java8-tutorial,2014-03-16T17:25:43Z,0,16777,master
shuzheng/zheng,2016-10-04T10:07:06Z,0,16729,master
Grasscutters/Grasscutter,2022-04-17T12:43:46Z,20,16666,development
heibaiying/BigData-Notes,2019-03-10T01:40:01Z,0,16659,master
JeffLi1993/springboot-learning-example,2017-02-06T07:02:25Z,0,16558,master
gyoogle/tech-interview-for-developer,2019-06-09T04:42:57Z,0,16557,master
prestodb/presto,2012-08-09T01:03:37Z,12,16507,master
questdb/questdb,2014-04-28T23:29:15Z,93,16140,master
android-hacker/VirtualXposed,2017-12-01T09:00:58Z,50,15829,vxp
dyc87112/SpringBoot-Learning,2016-08-21T03:39:06Z,0,15790,master
android10/Android-CleanArchitecture,2014-08-19T14:09:26Z,0,15565,master
mockito/mockito,2012-10-13T20:27:12Z,223,15281,main
apache/hadoop,2014-08-28T07:00:08Z,0,15266,trunk
Konloch/bytecode-viewer,2014-10-14T10:26:46Z,61,15218,master
neo4j/neo4j,2012-11-12T08:46:15Z,72,15089,release/5.26.0
quarkusio/quarkus,2018-07-06T00:44:20Z,416,14983,main
zhisheng17/flink-learning,2019-01-01T07:38:28Z,0,14932,master
apache/pulsar,2016-06-28T07:00:03Z,112,14865,master
java-decompiler/jd-gui,2015-03-25T05:28:41Z,18,14747,master
elastic/logstash,2010-11-18T01:31:50Z,210,14639,main
eclipse-vertx/vert.x,2011-06-17T14:54:55Z,0,14569,master
supertokens/supertokens-core,2020-01-05T13:30:52Z,91,14532,master
hdodenhof/CircleImageView,2014-01-17T16:44:46Z,0,14530,master
Tencent/QMUI_Android,2017-04-21T10:03:18Z,35,14516,master
alibaba/ARouter,2016-12-14T01:27:49Z,16,14493,develop
arduino/Arduino,2010-09-17T19:10:36Z,37,14430,master
theonedev/onedev,2018-11-06T02:57:01Z,432,14343,main
apache/doris,2017-08-10T12:13:30Z,74,14299,master
zaproxy/zaproxy,2015-06-03T16:55:01Z,17,14126,main
deeplearning4j/deeplearning4j,2013-11-27T02:03:28Z,0,14102,master
GoogleContainerTools/jib,2018-01-22T18:30:43Z,168,14024,master
Netflix/zuul,2013-03-13T18:53:57Z,29,13895,master
orhanobut/logger,2015-03-20T22:30:12Z,16,13888,master
apache/dolphinscheduler,2019-03-01T16:39:25Z,53,13843,dev
apache/druid,2012-10-23T19:08:07Z,68,13829,master
seaswalker/spring-analysis,2016-09-09T07:46:32Z,0,13725,master
DuGuQiuBai/Java,2015-11-25T07:30:08Z,0,13725,master
pinpoint-apm/pinpoint,2014-10-20T09:27:22Z,61,13718,master
sqshq/piggymetrics,2015-03-29T17:56:31Z,2,13708,master
JessYanCoding/AndroidAutoSize,2018-08-17T09:04:19Z,14,13694,master
Curzibn/Luban,2016-07-24T07:43:21Z,6,13678,master
lgvalle/Material-Animations,2015-03-08T20:54:00Z,0,13666,master
cryptomator/cryptomator,2014-02-02T00:43:47Z,193,13651,develop
janishar/mit-deep-learning-book-pdf,2017-04-07T10:46:50Z,3,13601,master
languagetool-org/languagetool,2013-08-08T16:37:22Z,0,13580,master
tink-crypto/tink,2014-06-06T16:21:09Z,21,13554,master
LuckSiege/PictureSelector,2017-01-04T07:47:39Z,116,13543,version_component
Bigkoo/Android-PickerView,2014-12-28T01:46:38Z,0,13481,master
kekingcn/kkFileView,2017-12-12T11:41:08Z,16,13328,master
projectlombok/lombok,2009-06-08T19:46:41Z,0,13280,master
ashishps1/awesome-leetcode-resources,2023-10-25T01:48:19Z,0,13263,main
macrozheng/mall-learning,2019-04-12T13:20:31Z,0,13262,master
youth5201314/banner,2016-04-22T05:50:25Z,0,13033,master
pxb1988/dex2jar,2015-03-16T09:13:07Z,8,12908,2.x
Netflix/conductor,2016-12-07T22:48:42Z,319,12778,main
facebook/stetho,2015-01-22T22:34:10Z,13,12710,main
codecentric/spring-boot-admin,2014-07-25T11:39:13Z,139,12690,master
google/guice,2014-05-28T23:18:53Z,19,12677,master
alibaba/COLA,2018-02-06T13:46:27Z,11,12660,master
greenrobot/greenDAO,2011-10-22T16:15:14Z,8,12627,master
Netflix/eureka,2012-07-26T22:23:07Z,151,12626,master
macrozheng/mall-swarm,2019-11-25T06:55:31Z,3,12615,master
apache/zookeeper,2009-03-27T15:41:56Z,0,12601,master
zhihu/Matisse,2017-04-13T01:31:05Z,15,12567,master
metersphere/metersphere,2020-02-03T02:06:12Z,179,12485,v3.x
daimajia/AndroidViewAnimations,2014-06-23T03:53:13Z,9,12470,master
daimajia/AndroidSwipeLayout,2014-08-25T04:09:33Z,18,12406,master
pagehelper/Mybatis-PageHelper,2014-06-09T15:32:30Z,15,12339,master
redis/jedis,2010-06-11T13:04:43Z,114,12159,master
plantuml/plantuml,2010-11-04T15:55:50Z,60,12090,master
amitshekhariitbhu/android-interview-questions,2017-07-09T18:47:24Z,0,12088,master
Yalantis/uCrop,2016-01-05T13:41:06Z,20,12043,develop
Tencent/matrix,2018-12-11T07:08:02Z,16,11906,master
trinodb/trino,2019-01-19T06:38:14Z,0,11893,master
Tencent/VasSonic,2017-08-01T08:35:13Z,10,11871,master
Team-xManager/xManager,2021-02-08T11:31:10Z,51,11864,main
debezium/debezium,2016-01-22T20:17:05Z,0,11857,main
grpc/grpc-java,2014-12-08T19:00:00Z,180,11844,master
frank-lam/fullstack-tutorial,2018-04-13T01:50:10Z,0,11682,master
xpipe-io/xpipe,2023-01-27T02:25:38Z,122,11643,master
code4craft/webmagic,2013-04-23T12:57:36Z,33,11628,develop
opensearch-project/OpenSearch,2021-01-29T22:10:00Z,59,11579,main
OpenRefine/OpenRefine,2012-10-15T02:22:48Z,72,11521,master
realm/realm-java,2012-04-20T09:18:42Z,0,11484,main
careercup/CtCI-6th-Edition,2015-07-02T06:28:46Z,0,11465,master
gyf-dev/ImmersionBar,2017-04-19T05:10:09Z,0,11449,master
PaperMC/Paper,2016-01-22T05:40:19Z,0,11421,main
newbee-ltd/newbee-mall,2019-09-21T03:56:04Z,0,11394,master
provectus/kafka-ui,2019-11-26T15:55:55Z,25,11337,master
jhy/jsoup,2009-12-19T01:29:58Z,20,11244,master
permissions-dispatcher/PermissionsDispatcher,2015-08-15T21:41:05Z,40,11229,master
mission-peace/interview,2014-07-20T21:27:31Z,0,11214,master
apereo/cas,2011-09-09T01:36:42Z,303,11196,master
LawnchairLauncher/lawnchair,2017-03-03T13:12:58Z,30,11150,15-dev
beemdevelopment/Aegis,2016-08-15T19:10:31Z,72,11145,master
H07000223/FlycoTabLayout,2015-11-09T01:53:19Z,4,11122,master
daniulive/SmarterStreaming,2016-03-26T14:46:02Z,0,11114,master
lingochamp/FileDownloader,2015-12-22T11:17:16Z,65,11113,master
datahub-project/datahub,2015-11-18T05:47:40Z,104,11055,master
jfeinstein10/SlidingMenu,2012-06-30T05:14:23Z,0,11044,master
androidannotations/androidannotations,2012-01-06T08:48:03Z,0,11036,develop
doocs/jvm,2018-06-23T01:12:59Z,0,10974,main
microg/GmsCore,2014-04-23T19:28:47Z,41,10958,master
ssssssss-team/spider-flow,2020-03-27T11:07:15Z,2,10937,master
square/javapoet,2013-02-01T16:56:30Z,0,10870,master
apple/pkl,2024-01-19T17:28:45Z,16,10858,main
jwtk/jjwt,2014-09-13T01:06:24Z,9,10852,master
alibaba/vlayout,2017-02-27T08:11:47Z,34,10774,master
aosp-mirror/platform_frameworks_base,2008-10-21T18:20:37Z,0,10768,main
asLody/VirtualApp,2016-07-06T13:25:23Z,0,10755,master
TooTallNate/Java-WebSocket,2010-01-20T23:33:04Z,19,10738,master
clojure/clojure,2010-06-29T20:03:33Z,0,10716,master
StarRocks/starrocks,2021-09-04T02:29:35Z,154,10684,main
android-async-http/android-async-http,2011-02-20T03:25:07Z,3,10630,master
jeasonlzy/okhttp-OkGo,2016-01-15T10:35:24Z,14,10601,master
google/auto,2013-05-22T21:41:56Z,66,10524,main
lipangit/JiaoZiVideoPlayer,2016-02-06T11:04:24Z,78,10492,develop
tbruyelle/RxPermissions,2015-09-29T13:55:09Z,11,10482,master
Activiti/Activiti,2012-09-13T11:34:43Z,1000,10426,develop
zfile-dev/zfile,2019-08-19T13:57:56Z,67,10399,main
resilience4j/resilience4j,2015-06-03T09:21:01Z,35,10368,master
JessYanCoding/MVPArms,2016-08-06T08:49:56Z,25,10286,master
awsdocs/aws-doc-sdk-examples,2016-08-18T19:06:57Z,0,10211,main
JakeWharton/ViewPagerIndicator,2011-08-04T17:13:44Z,0,10104,master
signalapp/Signal-Server,2013-12-09T07:10:36Z,0,10081,main
stanfordnlp/CoreNLP,2013-06-27T21:13:49Z,19,9967,main
wasabeef/glide-transformations,2015-01-09T10:33:29Z,0,9927,main
googlesamples/easypermissions,2015-12-22T18:05:53Z,12,9913,master
paascloud/paascloud-master,2018-03-17T05:40:43Z,0,9899,master
uknownothingsnow/JsBridge,2015-02-26T12:10:58Z,0,9889,master
SonarSource/sonarqube,2011-01-05T11:05:17Z,65,9888,master
hackware1993/MagicIndicator,2016-06-26T08:20:43Z,12,9803,main
HarlonWang/AVLoadingIndicatorView,2015-10-24T20:18:33Z,1,9771,master
OpenFeign/feign,2013-06-26T23:28:16Z,39,9740,master
YoKeyword/Fragmentation,2016-02-23T08:54:55Z,30,9725,androidx
xuchengsheng/spring-reading,2023-09-15T06:42:44Z,0,9712,master
lihengming/spring-boot-api-project-seed,2017-06-23T10:06:30Z,4,9686,master
perwendel/spark,2011-05-05T11:52:05Z,0,9660,master
ksoichiro/Android-ObservableScrollView,2014-11-08T14:45:20Z,0,9649,master
react-native-camera/react-native-camera,2015-04-01T00:54:40Z,144,9648,deprecation-note
koral--/android-gif-drawable,2013-01-30T01:37:46Z,61,9631,dev
bilibili/DanmakuFlameMaster,2013-08-11T12:18:50Z,5,9600,master
spinnaker/spinnaker,2014-07-02T19:02:36Z,15,9585,main
liaohuqiu/android-Ultra-Pull-To-Refresh,2014-11-13T03:13:10Z,8,9563,master
MyCATApache/Mycat-Server,2014-12-04T02:46:54Z,7,9553,main
umano/AndroidSlidingUpPanel,2013-05-31T18:33:53Z,8,9498,master
crossoverJie/cim,2018-05-20T15:55:56Z,9,9444,master
apache/cassandra,2009-05-21T02:10:09Z,0,9380,trunk
pockethub/PocketHub,2011-09-08T16:52:50Z,1,9380,master
Justson/AgentWeb,2017-05-12T07:45:56Z,21,9352,androidx
seven332/EhViewer,2014-05-14T12:03:52Z,97,9341,master
huanghaibin-dev/CalendarView,2017-03-11T07:16:09Z,1,9317,master
spring-projects/spring-security,2012-01-10T21:50:57Z,232,9305,main
json-path/JsonPath,2011-01-24T13:19:19Z,10,9300,master
GcsSloop/AndroidNote,2016-01-04T23:51:36Z,0,9295,master
android/testing-samples,2014-10-11T03:51:27Z,0,9277,main
cats-oss/android-gpuimage,2012-10-04T08:11:58Z,0,9130,master
flyway/flyway,2012-12-14T18:43:22Z,268,9116,main
langchain4j/langchain4j,2023-06-20T15:30:29Z,52,9055,main
didi/VirtualAPK,2017-06-29T07:25:05Z,4,9042,master
apache/jmeter,2010-05-26T23:38:07Z,10,9007,master
navasmdc/MaterialDesignLibrary,2014-09-30T07:37:17Z,3,8971,master
KunMinX/Jetpack-MVVM-Best-Practice,2019-10-31T05:21:01Z,0,8950,master
Freelander/Android_Data,2015-04-04T01:37:44Z,0,8844,master
nathanmarz/storm,2011-09-17T07:55:13Z,0,8811,moved-to-apache
java-native-access/jna,2011-04-29T13:30:29Z,0,8802,master
laobie/StatusBarUtil,2016-02-15T03:06:06Z,0,8799,master
apache/seatunnel,2017-08-05T09:14:47Z,52,8793,dev
flowable/flowable-engine,2016-10-13T07:21:43Z,28,8730,main
Blankj/awesome-java-leetcode,2017-04-17T15:51:41Z,0,8711,master
chrisbanes/Android-PullToRefresh,2011-11-29T09:59:56Z,0,8687,master
checkstyle/checkstyle,2013-08-31T02:05:05Z,169,8680,master
karatelabs/karate,2017-02-07T15:59:17Z,54,8667,master
ybq/Android-SpinKit,2016-03-20T08:40:51Z,0,8663,master
apache/shenyu,2018-07-11T08:17:45Z,13,8661,master
shwenzhang/AndResGuard,2015-10-11T11:48:06Z,4,8626,master
react-native-image-picker/react-native-image-picker,2015-06-08T20:25:31Z,142,8591,main
chrisjenx/Calligraphy,2013-12-20T02:35:45Z,4,8569,master
amitshekhariitbhu/Android-Debug-Database,2016-11-16T14:20:24Z,14,8563,master
airbnb/epoxy,2016-08-08T23:05:11Z,76,8561,master
facebook/buck,2013-04-17T18:12:18Z,57,8556,main
dropwizard/dropwizard,2011-01-19T19:52:29Z,189,8556,release/5.0.x
junit-team/junit4,2009-01-13T03:41:26Z,13,8533,main
ZCShou/GoGoGo,2021-12-03T06:59:39Z,8,8525,master
frohoff/ysoserial,2015-01-28T07:13:55Z,1,8516,master
google/tsunami-security-scanner,2020-06-03T16:20:00Z,27,8464,master
LSPosed/LSPatch,2021-03-01T19:38:36Z,9,8399,master
PojavLauncherTeam/PojavLauncher,2020-03-11T03:22:54Z,126,8393,v3_openjdk
roughike/BottomBar,2016-03-16T01:31:05Z,4,8388,master
hs-web/hsweb-framework,2016-01-18T03:51:39Z,30,8382,5.0.x
DImuthuUpe/AndroidPdfViewer,2016-06-02T20:21:21Z,0,8364,master
testcontainers/testcontainers-java,2015-04-12T12:44:59Z,85,8324,main
wildfirechat/im-server,2019-01-23T15:21:28Z,108,8304,wildfirechat
apache/beam,2016-02-02T08:00:06Z,53,8298,master
apache/shardingsphere-elasticjob,2015-09-11T11:28:52Z,30,8211,master
pentaho/pentaho-kettle,2013-10-08T18:27:11Z,1,8179,master
cabaletta/baritone,2018-08-01T15:34:21Z,85,8167,1.19.4
alibaba/atlas,2017-02-28T06:31:43Z,7,8151,master
HMCL-dev/HMCL,2015-06-22T08:06:03Z,260,8144,main
alibaba/transmittable-thread-local,2013-10-13T08:48:33Z,58,8135,master
alibaba/otter,2013-08-09T09:31:22Z,10,8128,master
bytedeco/javacv,2014-04-21T13:50:26Z,13,8126,master
aeron-io/aeron,2014-02-07T17:16:58Z,126,8119,master
florent37/MaterialViewPager,2015-04-24T17:53:15Z,11,8114,master
aritraroy/UltimateAndroidReference,2017-04-10T07:28:27Z,0,8112,master
guolindev/LitePal,2013-02-20T03:20:07Z,0,8099,master
davemorrissey/subsampling-scale-image-view,2013-08-26T16:45:25Z,21,7988,master
Netflix/SimianArmy,2012-07-06T22:00:05Z,4,7987,master
apache/iceberg,2018-11-19T16:26:46Z,31,7986,main
junixapp/XPopup,2018-12-07T06:16:48Z,221,7968,master
apache/tomcat,2011-10-01T07:00:19Z,0,7951,main
JakeWharton/hugo,2013-11-25T09:16:40Z,0,7931,master
dropwizard/metrics,2010-02-26T19:44:42Z,140,7850,release/4.2.x
HannahMitt/HomeMirror,2015-08-23T03:20:08Z,0,7846,master
software-mansion/react-native-svg,2016-01-17T14:29:21Z,124,7838,main
Graylog2/graylog2-server,2010-05-17T21:27:02Z,0,7809,master
ChrisRM/material-theme-jetbrains,2015-09-23T07:15:04Z,17,7791,master
krahets/LeetCode-Book,2021-12-17T14:16:02Z,0,7701,main
trello-archive/RxLifecycle,2015-07-20T13:32:23Z,22,7692,master
goldze/MVVMHabit,2017-07-21T10:38:40Z,3,7686,master
lecho/hellocharts-android,2014-10-12T09:12:37Z,14,7676,master
vipshop/vjtools,2018-05-29T09:07:08Z,9,7673,master
Tencent/Shadow,2019-06-13T10:50:27Z,5,7641,master
gedoor/MyBookshelf,2018-06-12T03:48:07Z,165,7626,master
PowerJob/PowerJob,2020-03-16T09:19:55Z,51,7593,master
google/android-classyshark,2015-10-12T13:40:48Z,17,7588,master
google/closure-compiler,2014-04-16T15:30:36Z,0,7571,master
koush/AndroidAsync,2012-08-24T07:27:04Z,0,7547,master
jeecgboot/jimureport,2019-12-05T12:25:59Z,29,7546,master
kaushikgopal/RxJava-Android-Samples,2014-07-23T05:13:52Z,0,7526,master
kevin-wayne/algs4,2015-08-31T09:28:49Z,0,7503,master
mapstruct/mapstruct,2012-05-28T12:42:42Z,35,7503,main
yuanguangxin/LeetCode,2020-01-11T01:02:02Z,0,7470,master
swagger-api/swagger-core,2011-07-05T23:44:11Z,121,7458,master
enso-org/enso,2016-12-16T17:23:37Z,485,7441,develop
gunnarmorling/1brc,2023-12-28T09:13:24Z,0,7439,main
lenve/VBlog,2017-12-26T11:01:55Z,0,7418,master
dyc87112/SpringCloud-Learning,2016-08-21T03:39:52Z,0,7404,master
abel533/Mapper,2014-11-21T11:02:10Z,8,7370,master
leolin310148/ShortcutBadger,2013-11-15T12:51:52Z,0,7355,master
Qihoo360/RePlugin,2017-06-08T09:39:09Z,19,7340,dev
MinecraftForge/MinecraftForge,2012-01-30T01:35:01Z,0,7304,1.21.x
square/dagger,2012-08-02T23:25:32Z,0,7301,master
gocd/gocd,2013-12-13T05:26:16Z,86,7297,master
Bearded-Hen/Android-Bootstrap,2013-11-01T15:36:17Z,5,7267,master
AntennaPod/AntennaPod,2012-07-31T10:25:08Z,62,7265,develop
pedant/sweet-alert-dialog,2014-10-19T09:24:09Z,2,7248,master
crazycodeboy/TakePhoto,2015-08-04T02:05:32Z,15,7243,master
Exrick/xmall,2017-07-28T01:49:49Z,0,7235,master
geeeeeeeeek/WeChatLuckyMoney,2015-09-30T16:11:20Z,20,7224,stable
cymcsg/UltimateRecyclerView,2015-01-28T02:27:45Z,9,7203,master
dependency-check/DependencyCheck,2012-09-03T20:43:30Z,86,7196,main
google/agera,2015-12-17T13:22:58Z,16,7166,master
NanoHttpd/nanohttpd,2012-08-10T21:52:42Z,3,7165,master
didi/KnowStreaming,2020-03-19T05:13:51Z,23,7143,master
jd-opensource/joyagent-jdgenie,2025-07-16T02:59:53Z,1,7132,data_agent
ogaclejapan/SmartTabLayout,2015-02-14T11:25:51Z,0,7096,master
Genymobile/gnirehtet,2017-02-09T16:01:13Z,12,7096,master
JakeWharton/ActionBarSherlock,2011-03-07T17:28:54Z,32,7075,master
Alluxio/alluxio,2012-12-21T17:43:46Z,61,7071,main
AutoMQ/automq,2023-08-17T07:50:13Z,70,7066,main
naman14/Timber,2015-06-12T16:43:55Z,5,7056,master
google/error-prone,2014-08-21T23:26:50Z,58,7042,master
NLPchina/elasticsearch-sql,2014-08-24T14:26:31Z,272,7033,master
rest-assured/rest-assured,2010-10-21T08:35:43Z,0,7031,master
h2pl/JavaTutorial,2018-05-01T15:57:21Z,1,7030,master
mrniko/netty-socketio,2012-01-12T11:43:49Z,19,6995,master
wiremock/wiremock,2011-10-09T20:27:24Z,51,6984,master
DroidPluginTeam/DroidPlugin,2015-08-27T11:14:57Z,2,6960,master
alibaba/jvm-sandbox,2017-08-03T02:55:31Z,13,6925,master
exadel-inc/CompreFace,2020-07-06T08:29:43Z,11,6909,master
hongyangAndroid/okhttputils,2015-08-17T14:53:29Z,0,6860,master
Meituan-Dianping/walle,2017-01-10T03:39:25Z,1,6846,master
macrozheng/springcloud-learning,2019-09-07T02:36:16Z,0,6838,master
rabbitmq/rabbitmq-tutorials,2010-09-21T11:41:26Z,0,6808,main
junit-team/junit-framework,2015-01-11T19:06:10Z,97,6797,main
CoderLeixiaoshuai/java-eight-part,2020-10-16T16:27:04Z,0,6797,master
zo0r/react-native-push-notification,2015-12-14T19:53:36Z,35,6787,master
smuyyh/BookReader,2016-08-03T05:17:27Z,0,6783,master
Angel-ML/angel,2017-04-25T05:57:43Z,19,6777,master
spring-projects/spring-ai,2023-06-27T18:57:29Z,3,6768,main
guardianproject/haven,2017-03-01T03:20:03Z,37,6724,master
markzhai/AndroidPerformanceMonitor,2016-01-17T05:23:22Z,0,6724,master
fuzhengwei/itstack-demo-design,2020-05-20T13:45:30Z,0,6721,master
getActivity/AndroidProject,2018-10-23T10:30:55Z,17,6718,master
gzu-liyujiang/AndroidPicker,2015-10-21T14:21:16Z,57,6714,master
zouzg/mybatis-generator-gui,2016-05-08T22:39:39Z,16,6710,master
527515025/springBoot,2016-11-07T02:13:31Z,0,6703,master
hongyangAndroid/AndroidAutoLayout,2015-11-19T02:09:11Z,0,6675,master
Meituan-Dianping/Leaf,2018-12-11T07:41:35Z,0,6673,master
Col-E/Recaf,2017-07-27T06:01:10Z,170,6658,master
apache/storm,2013-11-05T08:00:14Z,5,6655,master
yanzhenjie/AndPermission,2016-09-11T05:17:34Z,0,6645,master
apache/hertzbeat,2022-02-04T14:48:56Z,6,6615,master
raphw/byte-buddy,2013-11-25T19:38:03Z,304,6611,master
quartz-scheduler/quartz,2016-03-07T14:05:37Z,5,6609,main
GrenderG/Toasty,2017-01-18T18:52:41Z,19,6595,master
apache/zeppelin,2015-03-25T07:00:06Z,0,6561,master
JesusFreke/smali,2012-09-23T19:51:16Z,0,6534,master
MuntashirAkon/AppManager,2020-05-30T04:08:56Z,76,6532,master
NLPchina/ansj_seg,2012-09-05T05:56:24Z,3,6530,master
FongMi/TV,2022-06-22T09:10:23Z,0,6527,release
jOOQ/jOOQ,2011-04-17T10:43:33Z,105,6526,main
processing/processing,2013-01-24T21:17:22Z,48,6504,master
ximsfei/Android-skin-support,2017-01-12T15:03:54Z,0,6504,master
getActivity/XXPermissions,2018-06-15T14:31:29Z,72,6497,master
traccar/traccar,2012-04-16T08:33:49Z,64,6475,master
wxiaoqi/Spring-Cloud-Platform,2017-05-25T10:35:26Z,3,6434,master
ArthurHub/Android-Image-Cropper,2015-01-15T10:49:37Z,32,6424,master
vinc3m1/RoundedImageView,2013-02-22T01:17:37Z,19,6424,main
pig-mesh/pig,2019-08-26T03:24:53Z,19,6418,master
hazelcast/hazelcast,2012-03-21T12:25:18Z,200,6393,master
AsyncHttpClient/async-http-client,2011-03-07T13:41:46Z,7,6391,main
vespa-engine/vespa,2016-06-03T20:54:20Z,240,6361,master
aa112901/remusic,2016-03-24T06:20:39Z,0,6359,master
sshahine/JFoenix,2015-09-08T14:04:24Z,0,6342,master
joelittlejohn/jsonschema2pojo,2013-06-22T22:28:53Z,63,6333,master
wasabeef/richeditor-android,2015-03-30T16:19:20Z,0,6332,master
micronaut-projects/micronaut-core,2018-03-07T12:05:08Z,311,6306,4.10.x
amitshekhariitbhu/from-java-to-kotlin,2017-05-21T11:56:27Z,0,6293,master
648540858/wvp-GB28181-pro,2020-11-14T14:16:37Z,1,6277,master
koush/ion,2013-05-22T07:41:23Z,0,6273,master
lightbend/config,2011-12-06T08:02:29Z,3,6261,main
haifengl/smile,2014-11-20T16:28:12Z,35,6260,master
hibernate/hibernate-orm,2010-10-04T16:15:52Z,111,6243,main
apache/flink-cdc,2020-07-27T19:23:33Z,22,6228,master
ityouknow/spring-cloud-examples,2017-04-28T08:48:53Z,0,6225,master
gephi/gephi,2011-10-22T03:14:46Z,19,6215,master
logisim-evolution/logisim-evolution,2014-09-19T05:23:24Z,31,6205,main
graphql-java/graphql-java,2015-07-06T06:52:20Z,93,6200,master
DerekYRC/mini-spring,2020-11-17T11:59:18Z,0,6198,main
Javen205/IJPay,2017-05-02T03:15:32Z,24,6178,dev
apache/iotdb,2018-11-24T21:29:17Z,47,6167,master
jetlinks/jetlinks-community,2020-01-02T07:27:34Z,20,6159,2.10
google/grafika,2013-12-19T18:36:53Z,1,6135,master
auth0/java-jwt,2014-03-07T15:06:11Z,45,6130,master
nayuki/QR-Code-generator,2016-04-15T02:19:41Z,5,6126,master
ikew0ng/SwipeBackLayout,2013-08-25T03:36:12Z,0,6123,master
apache/incubator-kie-drools,2011-02-18T08:37:05Z,6,6121,main
daimajia/NumberProgressBar,2014-05-01T08:54:25Z,3,6105,master
rengwuxian/MaterialEditText,2014-10-30T10:07:23Z,19,6099,master
LaurieWired/GhidraMCP,2025-03-23T05:36:55Z,5,6069,main
Vedenin/useful-java-links,2016-02-13T13:14:52Z,0,6060,master
alipay/SoloPi,2019-03-14T15:32:49Z,8,6046,master
LandGrey/SpringBootVulExploit,2020-05-20T09:18:44Z,0,6036,master
singwhatiwanna/dynamic-load-apk,2014-03-30T11:51:00Z,0,6030,master
google/j2objc,2014-01-30T20:19:56Z,1,6029,master
pedrovgs/EffectiveAndroidUI,2014-07-04T08:42:20Z,0,6014,master
graphhopper/graphhopper,2012-02-18T19:57:38Z,45,6013,master
rey5137/material,2014-12-09T12:07:32Z,10,5988,master
google/physical-web,2014-09-30T18:32:14Z,17,5982,master
obsidiandynamics/kafdrop,2019-05-27T08:46:56Z,50,5976,master
vavr-io/vavr,2014-01-30T14:07:25Z,19,5976,main
wyouflf/xUtils3,2015-10-28T10:56:04Z,9,5969,master
robolectric/robolectric,2010-08-28T00:28:25Z,110,5967,master
btraceio/btrace,2014-08-28T18:58:24Z,33,5961,develop
apache/camel,2009-05-21T00:25:36Z,0,5959,main
liyifeng1994/ssm,2016-06-18T17:58:56Z,0,5957,master
javaparser/javaparser,2011-10-30T14:03:44Z,55,5944,master
apache/hudi,2016-12-14T15:53:41Z,31,5942,master
springfox/springfox,2012-05-06T06:38:57Z,12,5941,master
prolificinteractive/material-calendarview,2015-02-09T22:31:56Z,22,5925,master
google/google-java-format,2015-05-11T20:38:28Z,35,5925,master
CeuiLiSA/Pixiv-Shaft,2019-04-01T09:59:09Z,115,5920,master
antoniolg/androidmvp,2014-04-02T05:42:20Z,0,5918,master
apache/pinot,2014-05-19T23:27:48Z,21,5903,master
weibocom/motan,2016-04-20T10:56:17Z,28,5898,master
WeiYe-Jing/datax-web,2019-11-19T01:09:05Z,5,5893,master
journeyapps/zxing-android-embedded,2012-11-28T16:36:39Z,9,5892,master
ZhongFuCheng3y/austin,2021-11-06T09:36:01Z,0,5891,master
alibaba/spring-ai-alibaba,2024-09-09T01:35:50Z,10,5889,main
opengoofy/hippo4j,2021-06-16T02:59:48Z,18,5885,develop
lets-blade/blade,2015-06-10T03:35:49Z,9,5879,v2.1.3
amitshekhariitbhu/Fast-Android-Networking,2016-03-21T18:35:44Z,10,5843,master
JSQLParser/JSqlParser,2011-06-23T22:51:52Z,37,5813,master
youtube/api-samples,2013-12-09T18:41:41Z,0,5808,master
ffay/lanproxy,2016-11-20T08:12:10Z,1,5805,master
Nightonke/BoomMenu,2016-03-19T12:04:12Z,0,5804,master
changmingxie/tcc-transaction,2015-12-05T04:27:53Z,8,5796,master-2.x
apache/hive,2009-05-21T02:31:01Z,0,5796,master
yarolegovich/DiscreteScrollView,2017-03-03T23:38:54Z,2,5787,master
JakeWharton/DiskLruCache,2012-01-05T00:36:34Z,0,5774,master
dmytrodanylyk/circular-progress-button,2014-06-07T12:58:48Z,3,5772,master
TeamAmaze/AmazeFileManager,2014-07-14T19:47:53Z,66,5770,release/4.0
Nepxion/Discovery,2018-06-21T16:16:49Z,132,5744,6.x.x
jeequan/jeepay,2017-08-12T02:40:32Z,0,5738,master
k0shk0sh/FastHub,2017-02-18T17:53:16Z,63,5726,development
Devlight/InfiniteCycleViewPager,2016-08-22T08:04:39Z,2,5724,master
jpush/aurora-imui,2016-12-13T05:24:01Z,42,5716,master
yanzhenjie/SwipeRecyclerView,2016-08-03T15:43:34Z,0,5705,master
dromara/lamp-cloud,2018-01-17T02:51:04Z,0,5690,java17/5.x
apache/nifi,2014-12-12T08:00:05Z,0,5689,main
springside/springside4,2012-02-23T08:39:03Z,3,5684,master
jagrosh/MusicBot,2016-08-14T18:46:29Z,38,5670,master
wasabeef/Blurry,2015-07-23T14:12:08Z,0,5662,main
JakeWharton/u2020,2013-11-14T11:58:23Z,0,5661,master
Suwayomi/Suwayomi-Server,2020-12-23T20:31:38Z,58,5660,master
crazycodeboy/react-native-splash-screen,2016-09-14T10:43:55Z,12,5660,master
hanks-zyh/HTextView,2015-12-19T16:34:59Z,0,5649,master
redis/lettuce,2014-05-10T13:08:46Z,135,5643,main
ZHENFENG13/spring-boot-projects,2017-04-01T01:50:14Z,0,5637,main
JanusGraph/janusgraph,2016-12-26T13:26:29Z,28,5619,master
daimajia/AndroidImageSlider,2014-06-02T06:04:17Z,5,5616,master
meefik/linuxdeploy,2012-08-21T04:49:14Z,37,5613,master
ElderDrivers/EdXposed,2019-01-18T16:18:19Z,27,5602,master
TommyLemon/Android-ZBLibrary,2015-08-20T16:03:53Z,25,5596,master
hongyangAndroid/FlowLayout,2015-08-28T09:32:31Z,0,5594,master
amlcurran/ShowcaseView,2012-08-14T19:07:36Z,13,5579,master
baidu/uid-generator,2017-03-27T04:03:43Z,0,5561,master
knightliao/disconf,2014-05-30T09:39:27Z,12,5552,master
nhaarman/ListViewAnimations,2013-03-19T11:59:23Z,14,5544,master
00-Evan/shattered-pixel-dungeon,2014-07-31T21:56:31Z,52,5505,master
danikula/AndroidVideoCache,2015-04-01T11:25:52Z,20,5497,master
emilsjolander/StickyListHeaders,2012-03-11T18:29:18Z,16,5493,master
wuhaoyu1990/MagicCamera,2016-01-08T11:36:56Z,0,5491,master
alibaba/jetcache,2017-04-12T07:48:23Z,67,5476,master
sockeqwe/mosby,2015-03-25T00:59:19Z,15,5476,master
scribejava/scribejava,2010-09-05T19:11:40Z,9,5466,master
alibaba/freeline,2016-08-03T17:22:52Z,22,5458,master
201206030/novel,2019-11-11T01:13:52Z,12,5457,master
KeepSafe/TapTargetView,2016-09-11T09:07:36Z,24,5456,master
dm77/barcodescanner,2014-02-24T21:14:09Z,6,5449,master
Jasonchenlijian/FastBle,2016-08-23T02:06:33Z,9,5447,master
motianhuo/wechat,2015-05-25T02:33:37Z,0,5437,master
ddd-by-examples/library,2019-01-11T09:14:03Z,0,5434,master
facebookarchive/rebound,2013-10-11T01:12:37Z,10,5415,master
apache/dubbo-spring-boot-project,2018-01-18T12:10:50Z,13,5406,master
socketio/socket.io-client-java,2013-04-28T17:04:05Z,7,5406,main
apache/hbase,2014-05-23T07:00:07Z,47,5396,master
houbb/sensitive-word,2020-01-07T03:10:44Z,2,5386,master
microsoft/typespec,2021-06-30T23:29:49Z,285,5386,main
strimzi/strimzi-kafka-operator,2016-05-06T08:52:33Z,155,5383,main
mik3y/usb-serial-for-android,2013-06-30T23:17:45Z,33,5378,master
Evernote/android-job,2015-08-20T19:36:54Z,31,5371,master
apache/groovy,2015-04-16T07:00:05Z,0,5366,master
facebookarchive/shimmer-android,2015-02-27T22:25:22Z,5,5364,main
ikarus23/MifareClassicTool,2013-02-12T15:39:03Z,8,5357,master
spring-projects/spring-data-examples,2014-01-30T15:42:43Z,0,5356,main
jgilfelt/SystemBarTint,2013-11-17T12:35:05Z,3,5354,master
commonsguy/cw-omnibus,2012-03-12T14:12:06Z,36,5348,master
h6ah4i/android-advancedrecyclerview,2015-01-24T16:14:39Z,1,5335,develop
coobird/thumbnailator,2015-07-25T05:38:33Z,0,5328,master
osmandapp/OsmAnd,2011-01-15T19:59:44Z,1,5319,master
XRecyclerView/XRecyclerView,2015-11-18T08:14:22Z,0,5319,master
mybatis/generator,2013-02-10T11:14:50Z,11,5311,master
LFDT-web3j/web3j,2016-09-04T05:48:49Z,119,5306,main
google/google-authenticator,2014-10-08T17:54:27Z,0,5305,master
evant/gradle-retrolambda,2013-08-05T02:09:58Z,37,5290,main
CaffeineMC/sodium,2020-02-01T03:04:09Z,40,5276,dev
xxv/android-lifecycle,2014-04-18T14:26:22Z,0,5271,main
yixia/VitamioBundle,2012-10-19T08:40:49Z,0,5268,master
zfdang/Android-Touch-Helper,2020-10-16T00:58:41Z,112,5263,master
CodingDocs/springboot-guide,2018-11-28T01:05:07Z,0,5252,master
alibaba/QLExpress,2017-03-15T08:39:54Z,18,5247,main
cinit/QAuxiliary,2022-01-29T06:12:36Z,48,5245,main
lingochamp/okdownload,2017-12-17T08:21:22Z,8,5245,master
thinkaurelius/titan,2012-02-25T22:53:53Z,0,5242,titan10
Yalantis/Side-Menu.Android,2015-01-13T11:11:27Z,2,5239,master
razerdp/BasePopup,2016-01-15T03:31:07Z,15,5233,master
rubenlagus/TelegramBots,2016-01-14T00:13:07Z,108,5231,master
Doikki/DKVideoPlayer,2017-04-11T01:33:38Z,32,5231,master
liquibase/liquibase,2011-07-08T20:08:20Z,103,5230,master
lucasr/twoway-view,2013-01-18T20:55:23Z,0,5223,master
GeyserMC/Geyser,2019-07-08T17:23:17Z,0,5222,master
huangyanbin/smartTable,2017-11-08T01:11:14Z,44,5219,master
Karumi/Dexter,2015-11-17T13:14:43Z,33,5215,master
pmd/pmd,2012-07-11T18:03:00Z,108,5213,main
dunwu/db-tutorial,2017-08-08T06:33:38Z,0,5207,master
Clans/FloatingActionButton,2015-03-21T12:36:16Z,14,5206,master
citerus/dddsample-core,2015-01-31T23:21:37Z,0,5201,master
remkop/picocli,2017-02-01T16:38:41Z,86,5198,main
tonikelope/megabasterd,2016-09-29T16:54:54Z,208,5197,master
hustcc/JS-Sorting-Algorithm,2017-01-19T11:36:21Z,0,5186,master
android/views-widgets-samples,2019-09-06T21:39:12Z,0,5161,main
j-easy/easy-rules,2013-03-10T14:38:26Z,10,5153,master
careercup/ctci,2013-03-21T23:01:01Z,0,5147,master
square/otto,2012-06-27T19:06:49Z,0,5145,master
novicezk/midjourney-proxy,2023-04-24T13:43:45Z,0,5144,main
Fuzion24/JustTrustMe,2014-07-24T23:45:05Z,1,5143,master
bitcoinj/bitcoinj,2013-11-19T04:33:23Z,14,5141,master
brianfrankcooper/YCSB,2010-04-19T20:52:11Z,55,5138,master
reactor/reactor-core,2015-11-10T10:06:40Z,212,5138,main
LWJGL/lwjgl3,2012-12-23T15:40:04Z,21,5129,master
fast-excel/fesod,2024-10-05T11:42:50Z,5,5126,main
hneemann/Digital,2016-06-28T17:40:16Z,35,5118,master
runelite/runelite,2016-04-30T20:48:02Z,0,5117,master
CellularPrivacy/Android-IMSI-Catcher-Detector,2013-11-23T10:04:14Z,48,5101,development
zhanglei-workspace/shopping-management-system,2015-11-16T12:53:21Z,0,5098,master
jindrapetrik/jpexs-decompiler,2014-05-10T17:20:56Z,172,5090,master
diffplug/spotless,2015-04-27T19:10:58Z,35,5087,main
deathmarine/Luyten,2013-07-11T10:57:28Z,17,5084,master
natario1/CameraView,2017-07-18T09:30:33Z,42,5083,main
oshi/oshi,2012-02-10T12:46:48Z,166,5078,master
OpenTSDB/opentsdb,2010-08-27T02:05:20Z,27,5063,master
sofastack/sofa-boot,2018-04-02T08:28:14Z,82,5061,master
spring-projects/spring-authorization-server,2020-03-17T17:28:57Z,78,5053,main
baomidou/dynamic-datasource,2018-04-28T02:32:16Z,18,5050,master
wequick/Small,2015-11-27T11:37:20Z,25,5049,master
xuexiangjys/XUI,2019-01-07T07:59:02Z,23,5045,master
Exrick/xpay,2017-12-12T16:11:19Z,0,5041,master
killbill/killbill,2012-10-21T20:55:05Z,150,5032,master
youlookwhat/DesignPattern,2016-10-21T10:59:32Z,0,5023,master
jankotek/mapdb,2012-08-17T15:28:54Z,0,5017,master
yipianfengye/android-zxingLibrary,2016-07-26T08:00:18Z,0,5014,master
Trinea/android-common,2012-06-19T07:49:46Z,1,5014,master
tianshiyeben/wgcloud,2019-01-15T02:02:21Z,29,5011,master
rubensousa/GravitySnapHelper,2016-08-31T07:25:23Z,14,5002,master
line/armeria,2015-11-16T04:04:01Z,261,5000,main
2227324689/gpmall,2019-07-18T14:09:22Z,0,5000,master
youlookwhat/CloudReader,2016-11-20T11:59:25Z,26,4994,master
DingMouRen/LayoutManagerGroup,2018-04-28T11:47:38Z,0,4992,master
orhanobut/dialogplus,2014-12-12T09:24:44Z,9,4987,master
killme2008/aviatorscript,2011-03-29T12:48:47Z,52,4987,master
spring-attic/spring-mvc-showcase,2011-06-03T15:36:55Z,0,4986,master
apache/ignite,2015-02-19T08:00:05Z,0,4985,master
alibaba/UltraViewPager,2017-03-29T13:31:53Z,10,4978,master
JodaOrg/joda-time,2011-05-16T16:49:57Z,50,4977,main
frogermcs/InstaMaterial,2014-11-10T18:56:49Z,1,4968,master
bisq-network/bisq,2014-03-12T09:42:29Z,142,4955,master
Devlight/NavigationTabBar,2016-03-29T08:59:27Z,13,4947,master
react-native-linear-gradient/react-native-linear-gradient,2015-03-31T17:44:40Z,18,4943,master
PBH-BTN/PeerBanHelper,2024-02-07T14:35:16Z,149,4942,master
apache/calcite,2014-06-25T07:00:07Z,0,4941,main
amitshekhariitbhu/RxJava2-Android-Samples,2016-08-27T08:21:37Z,0,4940,master
spring-cloud/spring-cloud-netflix,2014-07-11T15:46:12Z,24,4935,main
Docile-Alligator/Infinity-For-Reddit,2018-07-26T15:02:51Z,183,4927,master
roncoo/roncoo-pay,2016-07-21T02:46:06Z,0,4924,master
lugg/react-native-config,2016-02-23T00:19:11Z,30,4922,master
traex/RippleEffect,2014-10-14T13:32:51Z,0,4914,master
querydsl/querydsl,2011-08-05T06:46:32Z,35,4911,master
javastacks/spring-boot-best-practice,2018-11-09T06:23:18Z,0,4910,master
Ramotion/folding-cell-android,2016-04-01T11:38:47Z,0,4901,master
DiUS/java-faker,2011-06-06T01:01:21Z,0,4898,master
cglib/cglib,2014-03-29T13:48:30Z,15,4879,master
orientechnologies/orientdb,2012-12-09T20:33:47Z,225,4873,develop
rstudio/rstudio,2010-12-07T19:10:25Z,0,4870,main
react-native-webrtc/react-native-webrtc,2015-09-27T10:57:30Z,81,4864,master
allure-framework/allure2,2016-05-27T14:06:05Z,80,4863,main
Sayi/poi-tl,2015-03-20T06:47:52Z,14,4861,master
reactive-streams/reactive-streams-jvm,2014-02-28T13:16:15Z,0,4860,master
nextcloud/android,2016-06-06T21:23:36Z,262,4858,master
fuzhengwei/small-spring,2021-05-15T06:07:28Z,0,4853,main
mcxiaoke/packer-ng-plugin,2015-11-24T04:08:08Z,1,4827,master
andkulikov/Transitions-Everywhere,2014-10-15T03:37:03Z,23,4805,master
claritylab/lucida,2014-05-13T17:12:49Z,0,4800,master
mock-server/mockserver,2013-02-26T06:09:52Z,0,4796,master
TheoKanning/openai-java,2020-09-15T02:58:52Z,22,4788,main
saiwu-bigkoo/Android-ConvenientBanner,2014-12-23T06:12:33Z,0,4771,master
ronmamo/reflections,2013-04-16T16:19:26Z,3,4768,master
apache/maven,2009-05-21T03:22:03Z,26,4766,master
tuguangquan/mybatis,2014-11-03T04:51:06Z,0,4764,master
etsy/AndroidStaggeredGrid,2013-12-09T19:43:45Z,7,4751,master
kyleduo/SwitchButton,2014-09-09T07:20:43Z,0,4747,master
nisrulz/android-tips-tricks,2016-08-25T20:27:33Z,0,4745,master
spring-cloud/spring-cloud-gateway,2016-11-16T21:42:51Z,36,4741,main
firebase/FirebaseUI-Android,2015-07-09T17:31:09Z,66,4735,master
hongyangAndroid/baseAdapter,2015-08-03T02:55:51Z,0,4720,master
google/cameraview,2016-08-04T05:22:14Z,0,4717,master
zq2599/blog_demos,2017-04-09T04:51:56Z,0,4715,master
micrometer-metrics/micrometer,2017-04-10T21:36:51Z,273,4714,main
hansonwang99/Spring-Boot-In-Action,2019-01-28T12:56:51Z,0,4715,master
spring-attic/spring-security-oauth,2011-07-26T18:08:49Z,0,4703,main
zlt2000/microservices-platform,2019-03-07T07:13:37Z,30,4703,master
jgilfelt/chuck,2017-02-07T23:51:39Z,5,4700,master
gsantner/markor,2017-08-26T00:08:35Z,78,4681,master
pardom-zz/ActiveAndroid,2012-11-15T18:10:45Z,0,4677,master
saysky/ForestBlog,2017-10-08T15:27:47Z,0,4669,master
SPLWare/esProc,2021-11-09T15:41:25Z,0,4669,master
TGX-Android/Telegram-X,2021-08-17T17:09:25Z,5,4664,main
stleary/JSON-java,2010-12-21T17:46:09Z,24,4661,master
cjlin1/libsvm,2013-09-10T14:32:07Z,0,4660,master
wdullaer/MaterialDateTimePicker,2015-01-03T19:41:03Z,54,4656,master
Heeexy/SpringBoot-Shiro-Vue,2017-11-17T18:49:06Z,0,4647,master
deepjavalibrary/djl,2019-10-29T22:38:54Z,35,4647,master
gabrielemariotti/cardslib,2013-09-20T21:57:19Z,27,4644,master
bytedeco/javacpp,2014-04-21T12:47:21Z,13,4642,master
romandanylyk/PageIndicatorView,2016-08-20T19:25:32Z,14,4639,master
oracle/opengrok,2013-01-07T11:49:18Z,294,4638,master
SuperMonster003/AutoJs6,2021-12-01T05:27:22Z,20,4626,master
981011512/--,2020-06-18T22:47:21Z,0,4619,master
Netflix/ribbon,2013-01-15T01:08:04Z,41,4618,master
ReVanced/revanced-patches,2023-12-14T01:25:17Z,683,4618,main
bepass-org/oblivion,2024-02-08T05:50:09Z,12,4616,main
apache/rocketmq-externals,2017-03-14T07:00:06Z,0,4608,master
yasserg/crawler4j,2011-12-31T22:49:18Z,3,4604,master
SplashCodes/JAViewer,2016-05-21T08:47:10Z,10,4604,master
angryip/ipscan,2011-06-28T20:58:48Z,31,4596,master
RedSpider1/concurrent,2018-11-03T13:49:36Z,0,4590,develop
chewiebug/GCViewer,2011-10-23T09:01:04Z,5,4589,develop
CalebFenton/simplify,2014-01-16T05:14:02Z,9,4586,master
dromara/dynamic-tp,2022-01-07T16:35:27Z,19,4582,master
puniverse/quasar,2013-03-27T14:51:24Z,18,4578,master
rememberber/WePush,2017-06-23T09:03:36Z,58,4578,master
chentao0707/SimplifyReader,2015-08-17T08:22:53Z,0,4566,master
javagrowing/JGrowing,2019-02-26T01:55:08Z,0,4564,master
charles2gan/GDA-android-reversing-Tool,2017-10-31T08:18:29Z,40,4561,master
objectbox/objectbox-java,2017-01-24T10:29:48Z,48,4559,main
zhanghai/Douya,2016-02-01T13:44:19Z,11,4558,master
discord-jda/JDA,2015-12-12T13:57:32Z,111,4554,master
booklore-app/booklore,2024-12-13T19:54:00Z,91,4552,develop
go-lang-plugin-org/go-lang-idea-plugin,2010-08-29T08:20:01Z,21,4549,master
square/sqlbrite,2015-02-19T04:38:37Z,9,4545,trunk
danielzeller/Depth-LIB-Android-,2016-04-27T09:37:28Z,0,4543,master
jdamcd/android-crop,2014-03-13T10:24:43Z,6,4536,master
zhkl0228/unidbg,2019-02-26T09:32:15Z,15,4534,master
JZ-Darkal/AndroidHttpCapture,2016-10-15T19:48:00Z,1,4534,master
alibaba/dexposed,2015-06-30T02:59:16Z,0,4531,master
hussien89aa/AndroidTutorialForBeginners,2016-09-26T16:36:28Z,0,4531,master
castorflex/SmoothProgressBar,2013-11-27T20:32:16Z,9,4520,master
ant-media/Ant-Media-Server,2017-03-01T08:21:13Z,64,4519,master
Flipboard/bottomsheet,2015-04-23T17:37:32Z,10,4517,master
tiann/epic,2017-05-22T02:52:44Z,5,4517,master
azkaban/azkaban,2012-10-18T01:34:53Z,48,4515,master
phishman3579/java-algorithms-implementation,2013-11-20T03:30:19Z,0,4511,master
HotBitmapGG/bilibili-android-client,2016-06-01T04:36:01Z,1,4493,master-x
zongzibinbin/MallChat,2023-03-16T15:04:35Z,0,4492,main
JakeWharton/NineOldAndroids,2011-12-08T19:46:37Z,0,4477,master
Meituan-Dianping/Robust,2017-03-14T10:14:50Z,13,4458,master
h2database/h2database,2015-04-10T19:09:09Z,23,4454,master
linhaojun857/aurora,2022-08-19T13:39:16Z,0,4450,master
janishar/android-mvp-architecture,2017-01-27T08:39:06Z,0,4444,master
square/android-times-square,2013-01-30T20:28:27Z,0,4437,master
dreamhead/moco,2012-10-18T09:09:51Z,1,4428,master
water8394/flink-recommandSystem-demo,2019-05-15T07:55:35Z,0,4425,master
Tencent/GT,2016-01-13T10:29:55Z,3,4414,master
jacoco/jacoco,2012-07-08T21:45:13Z,49,4412,master
IoT-Technology/IoT-Technical-Guide,2019-04-02T01:52:44Z,0,4408,master
airbnb/DeepLinkDispatch,2015-06-11T21:16:48Z,24,4406,master
Freeyourgadget/Gadgetbridge,2015-01-05T23:19:03Z,0,4405,master
apache/shiro,2009-08-29T08:00:17Z,14,4402,main
robinhood/ticker,2016-07-15T21:37:52Z,9,4390,master
flutter-webrtc/flutter-webrtc,2018-03-07T02:26:03Z,133,4378,main
Ashok-Varma/BottomNavigation,2016-03-19T19:19:30Z,16,4364,master
awangdev/leet-code,2015-04-25T19:14:09Z,0,4360,master
pytorch/serve,2019-10-03T03:17:43Z,24,4349,master
kermitt2/grobid,2012-09-13T15:48:54Z,22,4324,master
eirslett/frontend-maven-plugin,2013-08-30T14:44:38Z,0,4323,master
mywalkb/LSPosed_mod,2022-03-28T08:05:38Z,10,4316,main
jeasonlzy/ImagePicker,2016-01-27T17:05:03Z,5,4314,master
bingoogolapple/BGARefreshLayout-Android,2015-05-28T16:17:00Z,4,4308,master
crate/crate,2013-04-10T09:17:16Z,139,4297,master
Snailclimb/guide-rpc-framework,2020-05-10T13:24:42Z,0,4287,master
dragonwell-project/dragonwell8,2019-03-07T02:57:45Z,42,4287,master
ThirtyDegreesRay/OpenHub,2017-07-11T13:29:51Z,31,4281,master
mcxiaoke/android-volley,2013-05-21T05:35:26Z,0,4278,master
bjmashibing/InternetArchitect,2019-10-19T16:32:01Z,0,4274,master
failsafe-lib/failsafe,2015-06-30T00:56:39Z,0,4273,master
brianway/java-learning,2016-02-09T05:20:58Z,0,4272,master
ongakuer/CircleIndicator,2014-07-30T14:02:56Z,7,4270,master
201206030/novel-plus,2020-05-02T07:15:43Z,34,4264,develop_xxy
aporter/coursera-android,2014-01-05T09:55:31Z,0,4263,master
jitsi/jitsi,2013-04-24T17:37:20Z,7,4262,master
grantland/android-autofittextview,2011-02-14T06:00:52Z,1,4260,master
google/open-location-code,2014-09-30T18:26:35Z,5,4251,main
camunda/camunda-bpm-platform,2013-01-03T10:10:31Z,0,4241,master
jlegewie/zotfile,2011-12-30T14:47:42Z,33,4241,master
s4kibs4mi/java-developer-roadmap,2019-04-23T06:42:13Z,0,4232,main
jboss-javassist/javassist,2013-05-24T08:31:32Z,24,4217,master
mybatis/spring-boot-starter,2015-09-25T13:05:15Z,32,4216,master
ChadCSong/ShineButton,2016-07-05T06:32:26Z,2,4215,master
nining377/dolby_beta,2020-05-19T12:13:36Z,37,4210,master
microsoft/malmo,2016-05-17T14:58:40Z,21,4202,master
apache/streampark,2019-05-27T05:56:03Z,15,4200,dev
tencentmusic/supersonic,2023-06-12T07:23:28Z,15,4199,master
yhaolpz/FloatWindow,2017-11-14T14:33:55Z,9,4197,master
hugeterry/CoordinatorTabLayout,2017-01-27T13:40:28Z,0,4196,master
codingapi/tx-lcn,2017-11-11T03:34:34Z,14,4196,dev6.0
Jacksgong/JKeyboardPanelSwitch,2015-07-01T17:42:01Z,14,4191,master
powermock/powermock,2014-05-28T07:53:53Z,16,4190,release/2.x
zendesk/maxwell,2015-02-09T22:06:13Z,214,4186,master
aws/aws-sdk-java,2010-03-22T23:34:58Z,0,4178,master
bingoogolapple/BGABanner-Android,2014-10-25T17:15:18Z,0,4178,master
freeok/so-novel,2022-05-23T15:49:36Z,46,4174,main
oddfar/campus-imaotai,2023-07-07T10:37:13Z,11,4158,master
alibaba/fastjson2,2022-04-17T04:27:24Z,58,4154,main
pedrovgs/AndroidWiFiADB,2015-10-18T21:58:45Z,8,4148,master
dromara/hmily,2017-09-28T06:29:01Z,0,4143,master
geoserver/geoserver,2011-11-10T19:56:06Z,62,4141,main
karma9874/AndroRAT,2020-03-22T09:31:28Z,0,4139,master
dinuscxj/LoadingDrawable,2016-04-16T07:33:57Z,0,4116,master
alibaba/Tangram-Android,2017-03-29T13:29:57Z,38,4107,master
pqpo/SmartCropper,2017-08-03T11:08:41Z,13,4093,master
DTStack/chunjun,2018-04-03T12:44:58Z,30,4085,master
Manabu-GT/ExpandableTextView,2014-05-17T19:40:15Z,4,4084,master
qunarcorp/bistoury,2019-08-01T07:54:25Z,8,4084,master
code4craft/tiny-spring,2014-01-10T16:37:57Z,0,4081,master
rubensousa/ViewPagerCards,2016-08-20T15:24:12Z,0,4073,master
oblac/jodd,2012-09-07T20:26:48Z,37,4072,master
luckybilly/CC,2017-11-23T16:26:33Z,0,4045,master
oldmanpushcart/greys-anatomy,2012-11-21T19:39:35Z,0,4026,master
jMonkeyEngine/jmonkeyengine,2014-03-20T22:29:28Z,76,4023,master
JabRef/jabref,2014-03-11T14:48:42Z,45,4023,main
xcltapestry/XCL-Charts,2014-06-09T15:44:50Z,0,4020,master
LibrePDF/OpenPDF,2016-07-11T15:50:34Z,83,4012,master
BoltsFramework/Bolts-Android,2014-01-30T04:58:14Z,11,4011,master
lcodecorex/TwinklingRefreshLayout,2016-03-02T12:11:56Z,0,4002,master
knowm/XChange,2012-02-02T10:48:28Z,0,4001,develop
jetty/jetty.project,2011-07-14T01:11:57Z,132,4000,jetty-12.1.x
Yalantis/Phoenix,2015-01-12T14:11:20Z,1,3999,master
jbloch/effective-java-3e-source-code,2018-08-03T20:48:35Z,0,3999,master
bitcoin-wallet/bitcoin-wallet,2012-03-31T17:06:47Z,0,3996,main
makovkastar/FloatingActionButton,2014-07-22T13:29:55Z,0,3992,master
Piasy/BigImageViewer,2016-11-06T09:55:02Z,0,3988,master
torakiki/pdfsam,2013-09-24T11:06:13Z,66,3984,master
orhanobut/hawk,2015-02-19T22:25:23Z,22,3980,master
mercyblitz/tech-weekly,2018-12-03T03:10:52Z,0,3979,master
qstumn/BadgeView,2017-02-08T02:01:39Z,5,3977,master
lilishop/lilishop,2021-05-14T01:28:51Z,3,3973,master
lukas-krecan/ShedLock,2016-12-11T13:53:59Z,0,3972,master
JeremyLiao/LiveEventBus,2018-07-11T07:36:59Z,0,3969,master
syncthing/syncthing-android,2014-02-22T17:15:19Z,332,3968,main
zzhoujay/RichText,2015-07-21T09:36:01Z,0,3962,master
awaitility/awaitility,2010-01-22T15:12:52Z,0,3960,master
RipMeApp/ripme,2017-01-06T17:12:09Z,145,3959,main
fishercoder1534/Leetcode,2016-07-31T05:28:15Z,0,3958,master
rovo89/XposedInstaller,2012-04-02T20:33:05Z,0,3958,master
NotFound9/interviewGuide,2016-04-20T07:17:09Z,0,3958,master
binIoter/GuideView,2016-06-19T08:52:25Z,0,3954,master
googlesamples/mlkit,2020-05-28T21:40:38Z,1,3954,master
Querz/mcaselector,2018-04-22T22:23:26Z,72,3954,master
tronprotocol/java-tron,2017-12-26T10:20:38Z,80,3953,develop
JoanZapata/android-iconify,2013-06-12T11:42:01Z,0,3943,master
linyiqun/DataMiningAlgorithm,2015-01-11T02:50:28Z,0,3931,master
rengwuxian/RxJavaSamples,2016-03-24T13:08:10Z,3,3927,2.x
ageerle/ruoyi-ai,2024-01-16T04:16:41Z,6,3925,main
iterate-ch/cyberduck,2017-01-20T14:16:34Z,0,3925,master
JFormDesigner/FlatLaf,2019-08-19T10:27:05Z,87,3923,main
pingfangushi/screw,2020-06-21T11:37:06Z,0,3921,master
promeG/TinyPinyin,2015-09-30T03:24:50Z,2,3916,master
ReChronoRain/HyperCeiler,2023-10-27T17:17:42Z,7,3915,main
bluelinelabs/Conductor,2016-03-16T18:42:41Z,36,3909,develop
shuzijun/leetcode-editor,2019-03-19T16:32:17Z,55,3902,master
databricks/learning-spark,2014-06-16T04:47:54Z,0,3897,master
sofastack/sofa-rpc,2018-04-09T03:32:04Z,63,3897,master
JavaNoober/BackgroundLibrary,2018-09-09T08:52:45Z,13,3893,master
alibaba/jstorm,2013-09-03T03:53:16Z,22,3891,master
Exrick/xboot,2018-04-23T14:44:18Z,6,3889,master
VaughnVernon/IDDD_Samples,2013-04-08T22:12:57Z,0,3886,master
M66B/FairEmail,2018-08-02T13:30:25Z,1000,3885,master
amirzaidi/Launcher3,2017-05-30T12:53:32Z,22,3885,o-mr1
vipulasri/Timeline-View,2015-12-15T14:55:04Z,15,3884,master
wendux/DSBridge-Android,2017-01-02T11:58:53Z,2,3857,master
uber/NullAway,2017-09-01T17:35:57Z,31,3852,master
kubernetes-client/java,2017-05-08T21:52:58Z,55,3839,master
google/bundletool,2018-05-04T07:24:09Z,63,3835,master
Helium314/HeliBoard,2022-03-09T08:38:32Z,50,3833,main
aurelhubert/ahbottomnavigation,2016-03-17T12:17:56Z,14,3828,master
MiguelCatalan/MaterialSearchView,2015-09-14T17:13:46Z,6,3824,develop
react-native-share/react-native-share,2015-09-30T02:27:34Z,139,3822,main
jishenghua/jshERP,2016-09-20T04:51:39Z,6,3821,master
yanzhenjie/AndServer,2016-06-14T00:52:52Z,1,3820,master
ZHENFENG13/My-Blog,2019-03-04T09:17:00Z,0,3818,master
uknownothingsnow/CircleProgress,2014-10-30T16:14:42Z,0,3815,master
Dimezis/BlurView,2016-04-21T16:00:07Z,31,3806,master
camunda/camunda,2016-03-20T03:38:04Z,470,3804,main
gh0stkey/HaE,2020-03-24T10:12:50Z,77,3801,master
shopizer-ecommerce/shopizer,2012-11-21T03:42:39Z,18,3798,3.2.7
sunfusheng/MarqueeView,2016-06-01T06:50:46Z,0,3792,master
fesh0r/fernflower,2014-10-03T05:00:15Z,0,3787,master
mpusher/mpush,2016-04-28T01:43:19Z,9,3779,master
watabou/pixel-dungeon,2014-07-26T17:34:32Z,0,3779,master
mcxtzhang/SwipeDelMenuLayout,2016-08-25T08:10:45Z,2,3774,master
lygttpod/SuperTextView,2016-10-19T04:06:54Z,39,3772,master
CameraKit/blurkit-android,2016-11-06T03:14:58Z,3,3767,master
MovingBlocks/Terasology,2011-03-04T03:49:19Z,70,3761,develop
Ereza/CustomActivityOnCrash,2014-07-04T19:46:21Z,12,3755,master
AsamK/signal-cli,2015-05-11T10:49:42Z,103,3753,master
roboguice/roboguice,2012-08-12T20:37:19Z,0,3752,master
timehop/sticky-headers-recyclerview,2014-10-03T01:57:46Z,0,3751,master
apache/kylin,2015-01-03T08:00:05Z,2,3750,kylin5
zhpanvip/BannerViewPager,2017-03-28T09:11:11Z,59,3750,master
sofastack/sofa-jraft,2019-03-04T10:13:43Z,32,3746,master
andOTP/andOTP,2017-07-05T11:39:52Z,38,3742,master
RoaringBitmap/RoaringBitmap,2013-06-17T20:29:23Z,39,3741,master
spotbugs/spotbugs,2016-11-04T22:18:08Z,71,3740,master
JCTools/JCTools,2013-11-10T18:04:40Z,18,3731,master
ethanhua/Skeleton,2017-07-30T06:42:39Z,0,3725,master
Atmosphere/atmosphere,2010-06-30T14:26:23Z,0,3719,main
willowtreeapps/spruce-android,2017-02-23T20:34:18Z,3,3718,master
ByteLegend/ByteLegend,2021-02-01T10:11:30Z,0,3718,master
stfalcon-studio/ChatKit,2017-02-02T09:37:15Z,1,3715,master
nICEnnnnnnnLee/BilibiliDown,2019-01-23T06:56:46Z,80,3712,master
javahuang/SurveyKing,2021-09-06T13:34:14Z,3,3706,master
ryanhoo/StylishMusicPlayer,2016-09-13T14:38:32Z,0,3706,develop
liuyubobobo/Play-with-Algorithms,2016-07-05T18:16:22Z,0,3705,master
rbmonster/learning-note,2020-06-15T16:47:25Z,0,3702,master
yanzhenjie/NoHttp,2015-07-29T06:11:12Z,0,3702,master
undertow-io/undertow,2012-07-19T00:52:44Z,9,3699,main
jtablesaw/tablesaw,2016-01-01T14:58:28Z,79,3693,master
Creators-of-Create/Create,2019-07-18T08:27:10Z,0,3692,mc1.20.1/dev
helidon-io/helidon,2018-08-27T11:03:52Z,131,3680,main
lihangleo2/ShadowLayout,2019-07-09T07:17:06Z,28,3678,master
yacy/yacy_search_server,2015-03-22T12:54:20Z,0,3676,master
yangfuhai/ASimpleCache,2013-07-28T13:50:59Z,0,3675,master
dingjikerbo/Android-BluetoothKit,2015-10-08T09:07:33Z,0,3674,master
networknt/light-4j,2016-09-09T22:28:14Z,193,3672,master
grpc-ecosystem/grpc-spring,2016-12-30T09:06:15Z,34,3671,master
lisawray/groupie,2016-09-01T20:59:35Z,28,3671,master
google/rejoiner,2017-12-06T19:09:53Z,3,3670,master
linkedin/databus,2012-12-17T17:49:17Z,0,3668,master
coderbruis/JavaSourceCodeLearning,2020-06-02T13:34:20Z,0,3668,master
KunMinX/Linkage-RecyclerView,2019-04-22T04:39:46Z,0,3667,master
tchiotludo/akhq,2018-09-09T19:35:39Z,42,3656,dev
PlexPt/chatgpt-java,2022-12-07T04:55:33Z,24,3644,main
litesuits/android-common,2014-05-29T08:08:00Z,0,3642,master
microservices-patterns/ftgo-application,2017-10-23T04:30:04Z,0,3630,master
FasterXML/jackson-databind,2011-12-23T07:17:41Z,0,3624,2.x
huburt-Hu/NewbieGuide,2017-07-28T06:54:05Z,20,3622,master
apache/incubator-heron,2015-09-25T16:09:24Z,56,3621,master
uncle-novel/uncle-novel,2018-12-11T12:15:30Z,1,3619,main
blossom-editor/blossom,2023-08-07T03:02:17Z,19,3614,dev
rockerhieu/emojicon,2014-01-18T12:32:38Z,2,3613,master
alibaba/Alink,2018-09-30T06:36:11Z,22,3610,master
spockframework/spock,2010-12-12T19:02:34Z,26,3608,master
Mojang/brigadier,2014-09-15T08:48:24Z,3,3604,master
spring-io/initializr,2013-06-07T16:02:22Z,17,3600,main
mbechler/marshalsec,2017-05-22T11:43:57Z,0,3594,master
tyrantgit/ExplosionField,2015-09-23T11:34:50Z,0,3591,master
dtinit/data-transfer-project,2018-01-04T21:27:57Z,61,3591,master
kikoso/android-stackblur,2013-08-15T14:44:32Z,0,3589,main
vert-x3/vertx-examples,2015-02-24T17:42:44Z,0,3583,5.x
dongjunkun/DropDownMenu,2015-06-23T07:43:56Z,2,3582,master
WVector/AppUpdate,2017-06-19T09:38:42Z,3,3580,master
hmkcode/Android,2013-09-02T16:12:28Z,0,3578,master
OpenHFT/Chronicle-Queue,2013-06-02T15:11:33Z,534,3577,ea
googlemaps/android-maps-utils,2013-05-17T00:08:48Z,57,3577,main
IrisShaders/Iris,2020-10-22T20:21:12Z,140,3575,multiloader-new
JakeWharton/ThreeTenABP,2015-07-03T17:35:09Z,0,3571,trunk
davideas/FlexibleAdapter,2015-05-02T22:00:43Z,30,3571,master
DataLinkDC/dinky,2021-06-09T07:11:26Z,31,3570,dev
fabric8io/kubernetes-client,2015-07-09T15:43:13Z,124,3568,main
code4craft/netty-learning,2013-09-19T02:24:25Z,0,3558,master
dropbox/hackpad,2015-08-14T02:32:17Z,0,3555,master
bilibili/MagicaSakura,2016-06-23T07:54:59Z,3,3554,master
springdoc/springdoc-openapi,2019-07-11T23:08:20Z,96,3547,main
HelloWorld521/Java,2016-12-08T14:01:46Z,0,3543,master
johncarl81/parceler,2013-07-03T02:53:01Z,0,3543,master
anggrayudi/android-hidden-api,2015-09-16T11:58:33Z,2,3535,master
fyhertz/libstreaming,2013-01-30T21:24:47Z,0,3535,master
arimorty/floatingsearchview,2015-11-22T02:38:32Z,0,3534,master
LinShunKang/MyPerf4J,2018-03-11T09:58:44Z,23,3534,develop
luontola/retrolambda,2013-07-20T07:25:22Z,0,3531,master
spring-cloud/spring-cloud-kubernetes,2016-12-13T21:36:25Z,32,3522,main
andremion/Music-Player,2016-05-06T21:55:37Z,2,3521,master
Netflix/maestro,2024-04-17T01:15:56Z,0,3521,main
apache/logging-log4j2,2013-06-12T07:00:19Z,15,3521,2.x
1024-lab/smart-admin,2019-11-16T02:30:31Z,22,3519,master
immutables/immutables,2013-07-07T13:48:23Z,15,3518,master
dariuszseweryn/RxAndroidBle,2016-02-04T13:42:02Z,60,3517,master
lsjwzh/RecyclerViewPager,2015-01-17T18:30:34Z,10,3514,master
nytimes/Store,2016-11-29T20:17:11Z,0,3512,feature/rx2
cSploit/android,2014-10-04T05:53:29Z,33,3504,develop
baoyongzhang/SwipeMenuListView,2014-08-24T15:40:45Z,2,3504,master
codeestX/GeekNews,2016-08-07T14:56:56Z,0,3504,master
dromara/liteflow,2020-03-25T16:49:22Z,0,3502,master
lenve/JavaEETest,2016-12-13T02:13:58Z,0,3499,master
TNG/ArchUnit,2017-04-21T08:39:20Z,43,3494,main
AxonFramework/AxonFramework,2011-12-02T16:04:42Z,136,3492,main
KingJA/LoadSir,2017-09-02T08:32:15Z,6,3492,master
ittianyu/BottomNavigationViewEx,2016-11-12T08:39:38Z,19,3476,master
freeplane/freeplane,2012-09-13T08:55:51Z,16,3472,1.12.x
RikkaApps/Sui,2021-01-03T08:26:16Z,21,3468,master
phodal/migration,2020-01-08T02:11:38Z,0,3464,master
eclipse-openj9/openj9,2017-08-25T13:46:07Z,53,3463,master
Netflix/concurrency-limits,2017-12-11T19:32:41Z,102,3463,main
rubensousa/PreviewSeekBar,2017-01-24T23:52:44Z,10,3460,master
Grt1228/chatgpt-java,2023-02-11T08:54:54Z,10,3458,develop
ferredoxin/QNotified,2019-03-24T05:12:41Z,28,3456,master
apache/fory,2023-04-28T03:57:00Z,49,3456,main
alamkanak/Android-Week-View,2014-09-17T10:07:12Z,4,3451,develop
loks666/get_jobs,2024-03-07T21:34:58Z,2,3444,main
crossoverJie/SSM,2016-06-21T10:09:02Z,10,3440,master
rom1v/sndcpy,2020-06-09T19:36:57Z,2,3437,master
sherxon/AlgoDS,2016-12-16T17:01:22Z,0,3433,master
guolindev/giffun,2019-01-28T05:11:00Z,0,3431,master
xcc3641/SeeWeather,2016-02-20T13:10:14Z,2,3426,master
WinterChenS/my-site,2018-05-03T09:05:37Z,0,3426,master
woxingxiao/BubbleSeekBar,2016-11-03T14:31:05Z,12,3423,master
GitLqr/LQRWeChat,2017-02-07T06:32:40Z,0,3420,master
getActivity/Toaster,2018-09-16T05:28:57Z,37,3418,master
google/volley,2017-01-24T17:39:33Z,9,3415,master
